,Movie,MovieCode,Year,Code 1,Crew 1_name,Code2,Crew 2_name,Tie strength
0,Corpse Bride_2005,21000268,2005,30033839,"August, John (I)",30083861,"Bonham Carter, Helena",3
1,Corpse Bride_2005,21000268,2005,30033839,"August, John (I)",30114716,"Burton, Tim (I)",3
2,Corpse Bride_2005,21000268,2005,30033839,"August, John (I)",30243631,"Elfman, Danny",3
3,Corpse Bride_2005,21000268,2005,30033839,"August, John (I)",30284905,"Frey, Derek",2
4,Corpse Bride_2005,21000268,2005,30033839,"August, John (I)",30481927,"Lebenzon, Chris",3
5,Corpse Bride_2005,21000268,2005,30033839,"August, John (I)",30552567,"McDowell, Alex (I)",2
6,Corpse Bride_2005,21000268,2005,30083861,"Bonham Carter, Helena",30114716,"Burton, Tim (I)",4
7,Corpse Bride_2005,21000268,2005,30083861,"Bonham Carter, Helena",30243631,"Elfman, Danny",4
8,Corpse Bride_2005,21000268,2005,30083861,"Bonham Carter, Helena",30284905,"Frey, Derek",2
9,Corpse Bride_2005,21000268,2005,30083861,"Bonham Carter, Helena",30481927,"Lebenzon, Chris",4
10,Corpse Bride_2005,21000268,2005,30083861,"Bonham Carter, Helena",30552567,"McDowell, Alex (I)",2
11,Corpse Bride_2005,21000268,2005,30114716,"Burton, Tim (I)",30243631,"Elfman, Danny",12
12,Corpse Bride_2005,21000268,2005,30114716,"Burton, Tim (I)",30284905,"Frey, Derek",2
13,Corpse Bride_2005,21000268,2005,30114716,"Burton, Tim (I)",30459639,"Kozachik, Pete",2
14,Corpse Bride_2005,21000268,2005,30114716,"Burton, Tim (I)",30481927,"Lebenzon, Chris",8
15,Corpse Bride_2005,21000268,2005,30114716,"Burton, Tim (I)",30511906,"Lumley, Joanna",2
16,Corpse Bride_2005,21000268,2005,30114716,"Burton, Tim (I)",30552567,"McDowell, Alex (I)",2
17,Corpse Bride_2005,21000268,2005,30114716,"Burton, Tim (I)",30840372,"Thompson, Caroline (I)",3
18,Corpse Bride_2005,21000268,2005,30243631,"Elfman, Danny",30284905,"Frey, Derek",2
19,Corpse Bride_2005,21000268,2005,30243631,"Elfman, Danny",30481927,"Lebenzon, Chris",7
20,Corpse Bride_2005,21000268,2005,30243631,"Elfman, Danny",30552567,"McDowell, Alex (I)",2
21,Corpse Bride_2005,21000268,2005,30243631,"Elfman, Danny",30840372,"Thompson, Caroline (I)",3
22,Corpse Bride_2005,21000268,2005,30284905,"Frey, Derek",30481927,"Lebenzon, Chris",2
23,Corpse Bride_2005,21000268,2005,30284905,"Frey, Derek",30552567,"McDowell, Alex (I)",2
24,Corpse Bride_2005,21000268,2005,30459639,"Kozachik, Pete",30511906,"Lumley, Joanna",2
25,Corpse Bride_2005,21000268,2005,30481927,"Lebenzon, Chris",30552567,"McDowell, Alex (I)",2
26,Pee-wee's Big Adventure_1985,21001006,1985,30088594,"Bow, Simmy",30114716,"Burton, Tim (I)",2
27,Pee-wee's Big Adventure_1985,21001006,1985,30088594,"Bow, Simmy",30243631,"Elfman, Danny",2
28,Pee-wee's Big Adventure_1985,21001006,1985,30088594,"Bow, Simmy",30266601,"Filpi, Carmen",2
29,Pee-wee's Big Adventure_1985,21001006,1985,30114716,"Burton, Tim (I)",30193322,Darla (II),2
30,Pee-wee's Big Adventure_1985,21001006,1985,30114716,"Burton, Tim (I)",30243631,"Elfman, Danny",12
31,Pee-wee's Big Adventure_1985,21001006,1985,30114716,"Burton, Tim (I)",30266601,"Filpi, Carmen",3
32,Pee-wee's Big Adventure_1985,21001006,1985,30114716,"Burton, Tim (I)",30383381,"Hooks, Jan",2
33,Pee-wee's Big Adventure_1985,21001006,1985,30114716,"Burton, Tim (I)",30700467,"Reubens, Paul",2
34,Pee-wee's Big Adventure_1985,21001006,1985,30114716,"Burton, Tim (I)",30738831,"Salinger, Diane",2
35,Pee-wee's Big Adventure_1985,21001006,1985,30193322,Darla (II),30243631,"Elfman, Danny",2
36,Pee-wee's Big Adventure_1985,21001006,1985,30193322,Darla (II),30383381,"Hooks, Jan",2
37,Pee-wee's Big Adventure_1985,21001006,1985,30193322,Darla (II),30700467,"Reubens, Paul",2
38,Pee-wee's Big Adventure_1985,21001006,1985,30193322,Darla (II),30738831,"Salinger, Diane",2
39,Pee-wee's Big Adventure_1985,21001006,1985,30243631,"Elfman, Danny",30266601,"Filpi, Carmen",2
40,Pee-wee's Big Adventure_1985,21001006,1985,30243631,"Elfman, Danny",30383381,"Hooks, Jan",2
41,Pee-wee's Big Adventure_1985,21001006,1985,30243631,"Elfman, Danny",30700467,"Reubens, Paul",2
42,Pee-wee's Big Adventure_1985,21001006,1985,30243631,"Elfman, Danny",30738831,"Salinger, Diane",2
43,Pee-wee's Big Adventure_1985,21001006,1985,30383381,"Hooks, Jan",30700467,"Reubens, Paul",2
44,Pee-wee's Big Adventure_1985,21001006,1985,30383381,"Hooks, Jan",30738831,"Salinger, Diane",2
45,Pee-wee's Big Adventure_1985,21001006,1985,30700467,"Reubens, Paul",30738831,"Salinger, Diane",2
46,Beetlejuice_1988,21001308,1988,30088594,"Bow, Simmy",30114716,"Burton, Tim (I)",2
47,Beetlejuice_1988,21001308,1988,30088594,"Bow, Simmy",30243631,"Elfman, Danny",2
48,Beetlejuice_1988,21001308,1988,30088594,"Bow, Simmy",30266601,"Filpi, Carmen",2
49,Beetlejuice_1988,21001308,1988,30114716,"Burton, Tim (I)",30243631,"Elfman, Danny",12
50,Beetlejuice_1988,21001308,1988,30114716,"Burton, Tim (I)",30266601,"Filpi, Carmen",3
51,Beetlejuice_1988,21001308,1988,30114716,"Burton, Tim (I)",30356721,"Hashimoto, Richard",3
52,Beetlejuice_1988,21001308,1988,30114716,"Burton, Tim (I)",30420536,"Jones, Jeffrey (I)",3
53,Beetlejuice_1988,21001308,1988,30114716,"Burton, Tim (I)",30435271,"Keaton, Michael",3
54,Beetlejuice_1988,21001308,1988,30114716,"Burton, Tim (I)",30552643,"McDowell, Michael (I)",2
55,Beetlejuice_1988,21001308,1988,30114716,"Burton, Tim (I)",30627117,"O'Hara, Catherine (I)",2
56,Beetlejuice_1988,21001308,1988,30114716,"Burton, Tim (I)",30734668,"Ryder, Winona",2
57,Beetlejuice_1988,21001308,1988,30114716,"Burton, Tim (I)",30764994,"Shadix, Glenn",2
58,Beetlejuice_1988,21001308,1988,30114716,"Burton, Tim (I)",30775989,"Sidney, Sylvia (I)",2
59,Beetlejuice_1988,21001308,1988,30114716,"Burton, Tim (I)",30783008,"Skaaren, Warren",2
60,Beetlejuice_1988,21001308,1988,30114716,"Burton, Tim (I)",30895051,"Welch, Bo",3
61,Beetlejuice_1988,21001308,1988,30243631,"Elfman, Danny",30266601,"Filpi, Carmen",2
62,Beetlejuice_1988,21001308,1988,30243631,"Elfman, Danny",30356721,"Hashimoto, Richard",2
63,Beetlejuice_1988,21001308,1988,30243631,"Elfman, Danny",30420536,"Jones, Jeffrey (I)",2
64,Beetlejuice_1988,21001308,1988,30243631,"Elfman, Danny",30435271,"Keaton, Michael",3
65,Beetlejuice_1988,21001308,1988,30243631,"Elfman, Danny",30552643,"McDowell, Michael (I)",2
66,Beetlejuice_1988,21001308,1988,30243631,"Elfman, Danny",30627117,"O'Hara, Catherine (I)",2
67,Beetlejuice_1988,21001308,1988,30243631,"Elfman, Danny",30734668,"Ryder, Winona",2
68,Beetlejuice_1988,21001308,1988,30243631,"Elfman, Danny",30764994,"Shadix, Glenn",2
69,Beetlejuice_1988,21001308,1988,30243631,"Elfman, Danny",30775989,"Sidney, Sylvia (I)",2
70,Beetlejuice_1988,21001308,1988,30243631,"Elfman, Danny",30783008,"Skaaren, Warren",2
71,Beetlejuice_1988,21001308,1988,30243631,"Elfman, Danny",30895051,"Welch, Bo",3
72,Beetlejuice_1988,21001308,1988,30266601,"Filpi, Carmen",30420536,"Jones, Jeffrey (I)",2
73,Beetlejuice_1988,21001308,1988,30356721,"Hashimoto, Richard",30734668,"Ryder, Winona",2
74,Beetlejuice_1988,21001308,1988,30356721,"Hashimoto, Richard",30895051,"Welch, Bo",2
75,Beetlejuice_1988,21001308,1988,30435271,"Keaton, Michael",30783008,"Skaaren, Warren",2
76,Beetlejuice_1988,21001308,1988,30435271,"Keaton, Michael",30895051,"Welch, Bo",2
77,Beetlejuice_1988,21001308,1988,30552643,"McDowell, Michael (I)",30627117,"O'Hara, Catherine (I)",2
78,Beetlejuice_1988,21001308,1988,30734668,"Ryder, Winona",30895051,"Welch, Bo",2
79,Planet of the Apes_2001,21001876,2001,30083861,"Bonham Carter, Helena",30114716,"Burton, Tim (I)",4
80,Planet of the Apes_2001,21001876,2001,30083861,"Bonham Carter, Helena",30243631,"Elfman, Danny",4
81,Planet of the Apes_2001,21001876,2001,30083861,"Bonham Carter, Helena",30282593,"Frauenfelder, Katterli",3
82,Planet of the Apes_2001,21001876,2001,30083861,"Bonham Carter, Helena",30481927,"Lebenzon, Chris",4
83,Planet of the Apes_2001,21001876,2001,30083861,"Bonham Carter, Helena",30727445,"Rousselot, Philippe",3
84,Planet of the Apes_2001,21001876,2001,30083861,"Bonham Carter, Helena",30728300,"Roy, Deep",3
85,Planet of the Apes_2001,21001876,2001,30083861,"Bonham Carter, Helena",30932653,"Zanuck, Richard D.",3
86,Planet of the Apes_2001,21001876,2001,30114716,"Burton, Tim (I)",30243631,"Elfman, Danny",12
87,Planet of the Apes_2001,21001876,2001,30114716,"Burton, Tim (I)",30282593,"Frauenfelder, Katterli",3
88,Planet of the Apes_2001,21001876,2001,30114716,"Burton, Tim (I)",30304562,"Giamatti, Paul",2
89,Planet of the Apes_2001,21001876,2001,30114716,"Burton, Tim (I)",30329866,"Grevioux, Kevin",2
90,Planet of the Apes_2001,21001876,2001,30114716,"Burton, Tim (I)",30363542,"Heinrichs, Rick",2
91,Planet of the Apes_2001,21001876,2001,30114716,"Burton, Tim (I)",30481927,"Lebenzon, Chris",8
92,Planet of the Apes_2001,21001876,2001,30114716,"Burton, Tim (I)",30530473,"Marie, Lisa (I)",4
93,Planet of the Apes_2001,21001876,2001,30114716,"Burton, Tim (I)",30727445,"Rousselot, Philippe",3
94,Planet of the Apes_2001,21001876,2001,30114716,"Burton, Tim (I)",30728300,"Roy, Deep",3
95,Planet of the Apes_2001,21001876,2001,30114716,"Burton, Tim (I)",30764994,"Shadix, Glenn",2
96,Planet of the Apes_2001,21001876,2001,30114716,"Burton, Tim (I)",30828925,"Tan, Philip",2
97,Planet of the Apes_2001,21001876,2001,30114716,"Burton, Tim (I)",30932653,"Zanuck, Richard D.",3
98,Planet of the Apes_2001,21001876,2001,30243631,"Elfman, Danny",30282593,"Frauenfelder, Katterli",3
99,Planet of the Apes_2001,21001876,2001,30243631,"Elfman, Danny",30363542,"Heinrichs, Rick",2
100,Planet of the Apes_2001,21001876,2001,30243631,"Elfman, Danny",30481927,"Lebenzon, Chris",7
101,Planet of the Apes_2001,21001876,2001,30243631,"Elfman, Danny",30530473,"Marie, Lisa (I)",3
102,Planet of the Apes_2001,21001876,2001,30243631,"Elfman, Danny",30727445,"Rousselot, Philippe",3
103,Planet of the Apes_2001,21001876,2001,30243631,"Elfman, Danny",30728300,"Roy, Deep",3
104,Planet of the Apes_2001,21001876,2001,30243631,"Elfman, Danny",30764994,"Shadix, Glenn",2
105,Planet of the Apes_2001,21001876,2001,30243631,"Elfman, Danny",30828925,"Tan, Philip",2
106,Planet of the Apes_2001,21001876,2001,30243631,"Elfman, Danny",30932653,"Zanuck, Richard D.",3
107,Planet of the Apes_2001,21001876,2001,30282593,"Frauenfelder, Katterli",30481927,"Lebenzon, Chris",3
108,Planet of the Apes_2001,21001876,2001,30282593,"Frauenfelder, Katterli",30727445,"Rousselot, Philippe",3
109,Planet of the Apes_2001,21001876,2001,30282593,"Frauenfelder, Katterli",30728300,"Roy, Deep",3
110,Planet of the Apes_2001,21001876,2001,30282593,"Frauenfelder, Katterli",30932653,"Zanuck, Richard D.",3
111,Planet of the Apes_2001,21001876,2001,30363542,"Heinrichs, Rick",30481927,"Lebenzon, Chris",2
112,Planet of the Apes_2001,21001876,2001,30363542,"Heinrichs, Rick",30530473,"Marie, Lisa (I)",2
113,Planet of the Apes_2001,21001876,2001,30481927,"Lebenzon, Chris",30530473,"Marie, Lisa (I)",4
114,Planet of the Apes_2001,21001876,2001,30481927,"Lebenzon, Chris",30727445,"Rousselot, Philippe",3
115,Planet of the Apes_2001,21001876,2001,30481927,"Lebenzon, Chris",30728300,"Roy, Deep",3
116,Planet of the Apes_2001,21001876,2001,30481927,"Lebenzon, Chris",30932653,"Zanuck, Richard D.",3
117,Planet of the Apes_2001,21001876,2001,30727445,"Rousselot, Philippe",30728300,"Roy, Deep",3
118,Planet of the Apes_2001,21001876,2001,30727445,"Rousselot, Philippe",30932653,"Zanuck, Richard D.",3
119,Planet of the Apes_2001,21001876,2001,30728300,"Roy, Deep",30932653,"Zanuck, Richard D.",3
120,Big Fish_2003,21004171,2003,30033839,"August, John (I)",30083861,"Bonham Carter, Helena",3
121,Big Fish_2003,21004171,2003,30033839,"August, John (I)",30114716,"Burton, Tim (I)",3
122,Big Fish_2003,21004171,2003,30033839,"August, John (I)",30243631,"Elfman, Danny",3
123,Big Fish_2003,21004171,2003,30033839,"August, John (I)",30282593,"Frauenfelder, Katterli",2
124,Big Fish_2003,21004171,2003,30033839,"August, John (I)",30481927,"Lebenzon, Chris",3
125,Big Fish_2003,21004171,2003,30033839,"August, John (I)",30682325,"Pyle, Missi",2
126,Big Fish_2003,21004171,2003,30033839,"August, John (I)",30727445,"Rousselot, Philippe",2
127,Big Fish_2003,21004171,2003,30033839,"August, John (I)",30728300,"Roy, Deep",2
128,Big Fish_2003,21004171,2003,30033839,"August, John (I)",30932653,"Zanuck, Richard D.",2
129,Big Fish_2003,21004171,2003,30083861,"Bonham Carter, Helena",30114716,"Burton, Tim (I)",4
130,Big Fish_2003,21004171,2003,30083861,"Bonham Carter, Helena",30243631,"Elfman, Danny",4
131,Big Fish_2003,21004171,2003,30083861,"Bonham Carter, Helena",30282593,"Frauenfelder, Katterli",3
132,Big Fish_2003,21004171,2003,30083861,"Bonham Carter, Helena",30481927,"Lebenzon, Chris",4
133,Big Fish_2003,21004171,2003,30083861,"Bonham Carter, Helena",30682325,"Pyle, Missi",2
134,Big Fish_2003,21004171,2003,30083861,"Bonham Carter, Helena",30727445,"Rousselot, Philippe",3
135,Big Fish_2003,21004171,2003,30083861,"Bonham Carter, Helena",30728300,"Roy, Deep",3
136,Big Fish_2003,21004171,2003,30083861,"Bonham Carter, Helena",30932653,"Zanuck, Richard D.",3
137,Big Fish_2003,21004171,2003,30114716,"Burton, Tim (I)",30213196,"DeVito, Danny",4
138,Big Fish_2003,21004171,2003,30114716,"Burton, Tim (I)",30243631,"Elfman, Danny",12
139,Big Fish_2003,21004171,2003,30114716,"Burton, Tim (I)",30282593,"Frauenfelder, Katterli",3
140,Big Fish_2003,21004171,2003,30114716,"Burton, Tim (I)",30481927,"Lebenzon, Chris",8
141,Big Fish_2003,21004171,2003,30114716,"Burton, Tim (I)",30682325,"Pyle, Missi",2
142,Big Fish_2003,21004171,2003,30114716,"Burton, Tim (I)",30727445,"Rousselot, Philippe",3
143,Big Fish_2003,21004171,2003,30114716,"Burton, Tim (I)",30728300,"Roy, Deep",3
144,Big Fish_2003,21004171,2003,30114716,"Burton, Tim (I)",30827397,"Tai, Ada",2
145,Big Fish_2003,21004171,2003,30114716,"Burton, Tim (I)",30827398,"Tai, Arlene",2
146,Big Fish_2003,21004171,2003,30114716,"Burton, Tim (I)",30932653,"Zanuck, Richard D.",3
147,Big Fish_2003,21004171,2003,30213196,"DeVito, Danny",30243631,"Elfman, Danny",3
148,Big Fish_2003,21004171,2003,30213196,"DeVito, Danny",30481927,"Lebenzon, Chris",3
149,Big Fish_2003,21004171,2003,30243631,"Elfman, Danny",30282593,"Frauenfelder, Katterli",3
150,Big Fish_2003,21004171,2003,30243631,"Elfman, Danny",30481927,"Lebenzon, Chris",7
151,Big Fish_2003,21004171,2003,30243631,"Elfman, Danny",30682325,"Pyle, Missi",2
152,Big Fish_2003,21004171,2003,30243631,"Elfman, Danny",30727445,"Rousselot, Philippe",3
153,Big Fish_2003,21004171,2003,30243631,"Elfman, Danny",30728300,"Roy, Deep",3
154,Big Fish_2003,21004171,2003,30243631,"Elfman, Danny",30932653,"Zanuck, Richard D.",3
155,Big Fish_2003,21004171,2003,30282593,"Frauenfelder, Katterli",30481927,"Lebenzon, Chris",3
156,Big Fish_2003,21004171,2003,30282593,"Frauenfelder, Katterli",30682325,"Pyle, Missi",2
157,Big Fish_2003,21004171,2003,30282593,"Frauenfelder, Katterli",30727445,"Rousselot, Philippe",3
158,Big Fish_2003,21004171,2003,30282593,"Frauenfelder, Katterli",30728300,"Roy, Deep",3
159,Big Fish_2003,21004171,2003,30282593,"Frauenfelder, Katterli",30932653,"Zanuck, Richard D.",3
160,Big Fish_2003,21004171,2003,30481927,"Lebenzon, Chris",30682325,"Pyle, Missi",2
161,Big Fish_2003,21004171,2003,30481927,"Lebenzon, Chris",30727445,"Rousselot, Philippe",3
162,Big Fish_2003,21004171,2003,30481927,"Lebenzon, Chris",30728300,"Roy, Deep",3
163,Big Fish_2003,21004171,2003,30481927,"Lebenzon, Chris",30827397,"Tai, Ada",2
164,Big Fish_2003,21004171,2003,30481927,"Lebenzon, Chris",30827398,"Tai, Arlene",2
165,Big Fish_2003,21004171,2003,30481927,"Lebenzon, Chris",30932653,"Zanuck, Richard D.",3
166,Big Fish_2003,21004171,2003,30682325,"Pyle, Missi",30727445,"Rousselot, Philippe",2
167,Big Fish_2003,21004171,2003,30682325,"Pyle, Missi",30728300,"Roy, Deep",2
168,Big Fish_2003,21004171,2003,30682325,"Pyle, Missi",30932653,"Zanuck, Richard D.",2
169,Big Fish_2003,21004171,2003,30727445,"Rousselot, Philippe",30728300,"Roy, Deep",3
170,Big Fish_2003,21004171,2003,30727445,"Rousselot, Philippe",30932653,"Zanuck, Richard D.",3
171,Big Fish_2003,21004171,2003,30728300,"Roy, Deep",30932653,"Zanuck, Richard D.",3
172,Big Fish_2003,21004171,2003,30827397,"Tai, Ada",30827398,"Tai, Arlene",2
173,Ed Wood_1994,21004201,1994,30044414,"Banks, Lena",30114716,"Burton, Tim (I)",2
174,Ed Wood_1994,21004201,1994,30114716,"Burton, Tim (I)",30115210,"Bush, Tommy (I)",2
175,Ed Wood_1994,21004201,1994,30114716,"Burton, Tim (I)",30187389,"Czapsky, Stefan",3
176,Ed Wood_1994,21004201,1994,30114716,"Burton, Tim (I)",30210840,"Depp, Johnny",4
177,Ed Wood_1994,21004201,1994,30114716,"Burton, Tim (I)",30214482,"Di Novi, Denise",6
178,Ed Wood_1994,21004201,1994,30114716,"Burton, Tim (I)",30228865,"Drescher, Adam (I)",2
179,Ed Wood_1994,21004201,1994,30114716,"Burton, Tim (I)",30266601,"Filpi, Carmen",3
180,Ed Wood_1994,21004201,1994,30114716,"Burton, Tim (I)",30387714,"Howard, Rance",2
181,Ed Wood_1994,21004201,1994,30114716,"Burton, Tim (I)",30420536,"Jones, Jeffrey (I)",3
182,Ed Wood_1994,21004201,1994,30114716,"Burton, Tim (I)",30471448,"Landau, Martin",2
183,Ed Wood_1994,21004201,1994,30114716,"Burton, Tim (I)",30481927,"Lebenzon, Chris",8
184,Ed Wood_1994,21004201,1994,30114716,"Burton, Tim (I)",30530473,"Marie, Lisa (I)",4
185,Ed Wood_1994,21004201,1994,30114716,"Burton, Tim (I)",30645369,"Parker, Sarah Jessica",2
186,Ed Wood_1994,21004201,1994,30114716,"Burton, Tim (I)",30805549,"Starr, Mike (I)",3
187,Ed Wood_1994,21004201,1994,30114716,"Burton, Tim (I)",30827397,"Tai, Ada",2
188,Ed Wood_1994,21004201,1994,30114716,"Burton, Tim (I)",30827398,"Tai, Arlene",2
189,Ed Wood_1994,21004201,1994,30114716,"Burton, Tim (I)",30884312,"Walters, Melora",2
190,Ed Wood_1994,21004201,1994,30114716,"Burton, Tim (I)",30926784,"Yeager, Biff (I)",3
191,Ed Wood_1994,21004201,1994,30115210,"Bush, Tommy (I)",30387714,"Howard, Rance",2
192,Ed Wood_1994,21004201,1994,30115210,"Bush, Tommy (I)",30481927,"Lebenzon, Chris",2
193,Ed Wood_1994,21004201,1994,30115210,"Bush, Tommy (I)",30530473,"Marie, Lisa (I)",2
194,Ed Wood_1994,21004201,1994,30115210,"Bush, Tommy (I)",30645369,"Parker, Sarah Jessica",2
195,Ed Wood_1994,21004201,1994,30187389,"Czapsky, Stefan",30210840,"Depp, Johnny",2
196,Ed Wood_1994,21004201,1994,30187389,"Czapsky, Stefan",30214482,"Di Novi, Denise",3
197,Ed Wood_1994,21004201,1994,30187389,"Czapsky, Stefan",30228865,"Drescher, Adam (I)",2
198,Ed Wood_1994,21004201,1994,30187389,"Czapsky, Stefan",30481927,"Lebenzon, Chris",2
199,Ed Wood_1994,21004201,1994,30187389,"Czapsky, Stefan",30926784,"Yeager, Biff (I)",3
200,Ed Wood_1994,21004201,1994,30210840,"Depp, Johnny",30214482,"Di Novi, Denise",2
201,Ed Wood_1994,21004201,1994,30210840,"Depp, Johnny",30420536,"Jones, Jeffrey (I)",2
202,Ed Wood_1994,21004201,1994,30210840,"Depp, Johnny",30471448,"Landau, Martin",2
203,Ed Wood_1994,21004201,1994,30210840,"Depp, Johnny",30481927,"Lebenzon, Chris",3
204,Ed Wood_1994,21004201,1994,30210840,"Depp, Johnny",30530473,"Marie, Lisa (I)",2
205,Ed Wood_1994,21004201,1994,30210840,"Depp, Johnny",30926784,"Yeager, Biff (I)",2
206,Ed Wood_1994,21004201,1994,30214482,"Di Novi, Denise",30228865,"Drescher, Adam (I)",2
207,Ed Wood_1994,21004201,1994,30214482,"Di Novi, Denise",30481927,"Lebenzon, Chris",2
208,Ed Wood_1994,21004201,1994,30214482,"Di Novi, Denise",30805549,"Starr, Mike (I)",3
209,Ed Wood_1994,21004201,1994,30214482,"Di Novi, Denise",30884312,"Walters, Melora",2
210,Ed Wood_1994,21004201,1994,30214482,"Di Novi, Denise",30926784,"Yeager, Biff (I)",3
211,Ed Wood_1994,21004201,1994,30228865,"Drescher, Adam (I)",30481927,"Lebenzon, Chris",2
212,Ed Wood_1994,21004201,1994,30228865,"Drescher, Adam (I)",30926784,"Yeager, Biff (I)",2
213,Ed Wood_1994,21004201,1994,30266601,"Filpi, Carmen",30420536,"Jones, Jeffrey (I)",2
214,Ed Wood_1994,21004201,1994,30387714,"Howard, Rance",30481927,"Lebenzon, Chris",2
215,Ed Wood_1994,21004201,1994,30387714,"Howard, Rance",30530473,"Marie, Lisa (I)",2
216,Ed Wood_1994,21004201,1994,30387714,"Howard, Rance",30645369,"Parker, Sarah Jessica",2
217,Ed Wood_1994,21004201,1994,30420536,"Jones, Jeffrey (I)",30471448,"Landau, Martin",2
218,Ed Wood_1994,21004201,1994,30420536,"Jones, Jeffrey (I)",30481927,"Lebenzon, Chris",2
219,Ed Wood_1994,21004201,1994,30420536,"Jones, Jeffrey (I)",30530473,"Marie, Lisa (I)",2
220,Ed Wood_1994,21004201,1994,30471448,"Landau, Martin",30481927,"Lebenzon, Chris",2
221,Ed Wood_1994,21004201,1994,30471448,"Landau, Martin",30530473,"Marie, Lisa (I)",2
222,Ed Wood_1994,21004201,1994,30481927,"Lebenzon, Chris",30530473,"Marie, Lisa (I)",4
223,Ed Wood_1994,21004201,1994,30481927,"Lebenzon, Chris",30645369,"Parker, Sarah Jessica",2
224,Ed Wood_1994,21004201,1994,30481927,"Lebenzon, Chris",30827397,"Tai, Ada",2
225,Ed Wood_1994,21004201,1994,30481927,"Lebenzon, Chris",30827398,"Tai, Arlene",2
226,Ed Wood_1994,21004201,1994,30481927,"Lebenzon, Chris",30926784,"Yeager, Biff (I)",2
227,Ed Wood_1994,21004201,1994,30530473,"Marie, Lisa (I)",30645369,"Parker, Sarah Jessica",2
228,Ed Wood_1994,21004201,1994,30805549,"Starr, Mike (I)",30884312,"Walters, Melora",2
229,Ed Wood_1994,21004201,1994,30827397,"Tai, Ada",30827398,"Tai, Arlene",2
230,Edward Scissorhands_1990,21004410,1990,30098032,"Brill, Steven (I)",30114716,"Burton, Tim (I)",2
231,Edward Scissorhands_1990,21004410,1990,30098032,"Brill, Steven (I)",30187389,"Czapsky, Stefan",2
232,Edward Scissorhands_1990,21004410,1990,30098032,"Brill, Steven (I)",30214482,"Di Novi, Denise",2
233,Edward Scissorhands_1990,21004410,1990,30098032,"Brill, Steven (I)",30243631,"Elfman, Danny",2
234,Edward Scissorhands_1990,21004410,1990,30098032,"Brill, Steven (I)",30471205,"Lancaster, Stuart (I)",2
235,Edward Scissorhands_1990,21004410,1990,30098032,"Brill, Steven (I)",30895051,"Welch, Bo",2
236,Edward Scissorhands_1990,21004410,1990,30098032,"Brill, Steven (I)",30926784,"Yeager, Biff (I)",2
237,Edward Scissorhands_1990,21004410,1990,30114716,"Burton, Tim (I)",30187389,"Czapsky, Stefan",3
238,Edward Scissorhands_1990,21004410,1990,30114716,"Burton, Tim (I)",30210840,"Depp, Johnny",4
239,Edward Scissorhands_1990,21004410,1990,30114716,"Burton, Tim (I)",30214482,"Di Novi, Denise",6
240,Edward Scissorhands_1990,21004410,1990,30114716,"Burton, Tim (I)",30243631,"Elfman, Danny",12
241,Edward Scissorhands_1990,21004410,1990,30114716,"Burton, Tim (I)",30356721,"Hashimoto, Richard",3
242,Edward Scissorhands_1990,21004410,1990,30114716,"Burton, Tim (I)",30421463,"Jones, O-Lan",2
243,Edward Scissorhands_1990,21004410,1990,30114716,"Burton, Tim (I)",30471205,"Lancaster, Stuart (I)",2
244,Edward Scissorhands_1990,21004410,1990,30114716,"Burton, Tim (I)",30734668,"Ryder, Winona",2
245,Edward Scissorhands_1990,21004410,1990,30114716,"Burton, Tim (I)",30840372,"Thompson, Caroline (I)",3
246,Edward Scissorhands_1990,21004410,1990,30114716,"Burton, Tim (I)",30895051,"Welch, Bo",3
247,Edward Scissorhands_1990,21004410,1990,30114716,"Burton, Tim (I)",30926784,"Yeager, Biff (I)",3
248,Edward Scissorhands_1990,21004410,1990,30187389,"Czapsky, Stefan",30210840,"Depp, Johnny",2
249,Edward Scissorhands_1990,21004410,1990,30187389,"Czapsky, Stefan",30214482,"Di Novi, Denise",3
250,Edward Scissorhands_1990,21004410,1990,30187389,"Czapsky, Stefan",30243631,"Elfman, Danny",2
251,Edward Scissorhands_1990,21004410,1990,30187389,"Czapsky, Stefan",30471205,"Lancaster, Stuart (I)",2
252,Edward Scissorhands_1990,21004410,1990,30187389,"Czapsky, Stefan",30895051,"Welch, Bo",2
253,Edward Scissorhands_1990,21004410,1990,30187389,"Czapsky, Stefan",30926784,"Yeager, Biff (I)",3
254,Edward Scissorhands_1990,21004410,1990,30210840,"Depp, Johnny",30214482,"Di Novi, Denise",2
255,Edward Scissorhands_1990,21004410,1990,30210840,"Depp, Johnny",30243631,"Elfman, Danny",3
256,Edward Scissorhands_1990,21004410,1990,30210840,"Depp, Johnny",30926784,"Yeager, Biff (I)",2
257,Edward Scissorhands_1990,21004410,1990,30214482,"Di Novi, Denise",30243631,"Elfman, Danny",3
258,Edward Scissorhands_1990,21004410,1990,30214482,"Di Novi, Denise",30471205,"Lancaster, Stuart (I)",2
259,Edward Scissorhands_1990,21004410,1990,30214482,"Di Novi, Denise",30840372,"Thompson, Caroline (I)",2
260,Edward Scissorhands_1990,21004410,1990,30214482,"Di Novi, Denise",30895051,"Welch, Bo",2
261,Edward Scissorhands_1990,21004410,1990,30214482,"Di Novi, Denise",30926784,"Yeager, Biff (I)",3
262,Edward Scissorhands_1990,21004410,1990,30243631,"Elfman, Danny",30356721,"Hashimoto, Richard",2
263,Edward Scissorhands_1990,21004410,1990,30243631,"Elfman, Danny",30421463,"Jones, O-Lan",2
264,Edward Scissorhands_1990,21004410,1990,30243631,"Elfman, Danny",30471205,"Lancaster, Stuart (I)",2
265,Edward Scissorhands_1990,21004410,1990,30243631,"Elfman, Danny",30734668,"Ryder, Winona",2
266,Edward Scissorhands_1990,21004410,1990,30243631,"Elfman, Danny",30840372,"Thompson, Caroline (I)",3
267,Edward Scissorhands_1990,21004410,1990,30243631,"Elfman, Danny",30895051,"Welch, Bo",3
268,Edward Scissorhands_1990,21004410,1990,30243631,"Elfman, Danny",30926784,"Yeager, Biff (I)",2
269,Edward Scissorhands_1990,21004410,1990,30356721,"Hashimoto, Richard",30734668,"Ryder, Winona",2
270,Edward Scissorhands_1990,21004410,1990,30356721,"Hashimoto, Richard",30895051,"Welch, Bo",2
271,Edward Scissorhands_1990,21004410,1990,30471205,"Lancaster, Stuart (I)",30895051,"Welch, Bo",2
272,Edward Scissorhands_1990,21004410,1990,30471205,"Lancaster, Stuart (I)",30926784,"Yeager, Biff (I)",2
273,Edward Scissorhands_1990,21004410,1990,30734668,"Ryder, Winona",30895051,"Welch, Bo",2
274,Edward Scissorhands_1990,21004410,1990,30895051,"Welch, Bo",30926784,"Yeager, Biff (I)",2
275,Hoffa_1992,21006120,1992,30044414,"Banks, Lena",30114716,"Burton, Tim (I)",2
276,Hoffa_1992,21006120,1992,30114716,"Burton, Tim (I)",30213196,"DeVito, Danny",4
277,Hoffa_1992,21006120,1992,30114716,"Burton, Tim (I)",30259891,"Favreau, Jon",2
278,Hoffa_1992,21006120,1992,30114716,"Burton, Tim (I)",30615205,"Nicholson, Jack (I)",3
279,Hoffa_1992,21006120,1992,30114716,"Burton, Tim (I)",30916412,"Witting, Steve",2
280,Hoffa_1992,21006120,1992,30213196,"DeVito, Danny",30615205,"Nicholson, Jack (I)",2
281,Hoffa_1992,21006120,1992,30213196,"DeVito, Danny",30916412,"Witting, Steve",2
282,Mars Attacks!_1996,21008546,1996,30114716,"Burton, Tim (I)",30115210,"Bush, Tommy (I)",2
283,Mars Attacks!_1996,21008546,1996,30114716,"Burton, Tim (I)",30213196,"DeVito, Danny",4
284,Mars Attacks!_1996,21008546,1996,30114716,"Burton, Tim (I)",30243631,"Elfman, Danny",12
285,Mars Attacks!_1996,21008546,1996,30114716,"Burton, Tim (I)",30280931,"Franco, Larry J.",3
286,Mars Attacks!_1996,21008546,1996,30114716,"Burton, Tim (I)",30387714,"Howard, Rance",2
287,Mars Attacks!_1996,21008546,1996,30114716,"Burton, Tim (I)",30421463,"Jones, O-Lan",2
288,Mars Attacks!_1996,21008546,1996,30114716,"Burton, Tim (I)",30481927,"Lebenzon, Chris",8
289,Mars Attacks!_1996,21008546,1996,30114716,"Burton, Tim (I)",30530473,"Marie, Lisa (I)",4
290,Mars Attacks!_1996,21008546,1996,30114716,"Burton, Tim (I)",30615205,"Nicholson, Jack (I)",3
291,Mars Attacks!_1996,21008546,1996,30114716,"Burton, Tim (I)",30645369,"Parker, Sarah Jessica",2
292,Mars Attacks!_1996,21008546,1996,30114716,"Burton, Tim (I)",30775989,"Sidney, Sylvia (I)",2
293,Mars Attacks!_1996,21008546,1996,30115210,"Bush, Tommy (I)",30387714,"Howard, Rance",2
294,Mars Attacks!_1996,21008546,1996,30115210,"Bush, Tommy (I)",30481927,"Lebenzon, Chris",2
295,Mars Attacks!_1996,21008546,1996,30115210,"Bush, Tommy (I)",30530473,"Marie, Lisa (I)",2
296,Mars Attacks!_1996,21008546,1996,30115210,"Bush, Tommy (I)",30645369,"Parker, Sarah Jessica",2
297,Mars Attacks!_1996,21008546,1996,30213196,"DeVito, Danny",30243631,"Elfman, Danny",3
298,Mars Attacks!_1996,21008546,1996,30213196,"DeVito, Danny",30280931,"Franco, Larry J.",2
299,Mars Attacks!_1996,21008546,1996,30213196,"DeVito, Danny",30481927,"Lebenzon, Chris",3
300,Mars Attacks!_1996,21008546,1996,30213196,"DeVito, Danny",30615205,"Nicholson, Jack (I)",2
301,Mars Attacks!_1996,21008546,1996,30243631,"Elfman, Danny",30280931,"Franco, Larry J.",3
302,Mars Attacks!_1996,21008546,1996,30243631,"Elfman, Danny",30421463,"Jones, O-Lan",2
303,Mars Attacks!_1996,21008546,1996,30243631,"Elfman, Danny",30481927,"Lebenzon, Chris",7
304,Mars Attacks!_1996,21008546,1996,30243631,"Elfman, Danny",30530473,"Marie, Lisa (I)",3
305,Mars Attacks!_1996,21008546,1996,30243631,"Elfman, Danny",30615205,"Nicholson, Jack (I)",2
306,Mars Attacks!_1996,21008546,1996,30243631,"Elfman, Danny",30775989,"Sidney, Sylvia (I)",2
307,Mars Attacks!_1996,21008546,1996,30280931,"Franco, Larry J.",30481927,"Lebenzon, Chris",3
308,Mars Attacks!_1996,21008546,1996,30280931,"Franco, Larry J.",30530473,"Marie, Lisa (I)",2
309,Mars Attacks!_1996,21008546,1996,30387714,"Howard, Rance",30481927,"Lebenzon, Chris",2
310,Mars Attacks!_1996,21008546,1996,30387714,"Howard, Rance",30530473,"Marie, Lisa (I)",2
311,Mars Attacks!_1996,21008546,1996,30387714,"Howard, Rance",30645369,"Parker, Sarah Jessica",2
312,Mars Attacks!_1996,21008546,1996,30481927,"Lebenzon, Chris",30530473,"Marie, Lisa (I)",4
313,Mars Attacks!_1996,21008546,1996,30481927,"Lebenzon, Chris",30645369,"Parker, Sarah Jessica",2
314,Mars Attacks!_1996,21008546,1996,30530473,"Marie, Lisa (I)",30645369,"Parker, Sarah Jessica",2
315,Sleepy Hollow_1999,21008750,1999,30114716,"Burton, Tim (I)",30210840,"Depp, Johnny",4
316,Sleepy Hollow_1999,21008750,1999,30114716,"Burton, Tim (I)",30243631,"Elfman, Danny",12
317,Sleepy Hollow_1999,21008750,1999,30114716,"Burton, Tim (I)",30280931,"Franco, Larry J.",3
318,Sleepy Hollow_1999,21008750,1999,30114716,"Burton, Tim (I)",30320941,"Gough, Michael (I)",4
319,Sleepy Hollow_1999,21008750,1999,30114716,"Burton, Tim (I)",30363542,"Heinrichs, Rick",2
320,Sleepy Hollow_1999,21008750,1999,30114716,"Burton, Tim (I)",30420536,"Jones, Jeffrey (I)",3
321,Sleepy Hollow_1999,21008750,1999,30114716,"Burton, Tim (I)",30471448,"Landau, Martin",2
322,Sleepy Hollow_1999,21008750,1999,30114716,"Burton, Tim (I)",30481927,"Lebenzon, Chris",8
323,Sleepy Hollow_1999,21008750,1999,30114716,"Burton, Tim (I)",30483213,"Lee, Christopher (I)",2
324,Sleepy Hollow_1999,21008750,1999,30114716,"Burton, Tim (I)",30530473,"Marie, Lisa (I)",4
325,Sleepy Hollow_1999,21008750,1999,30114716,"Burton, Tim (I)",30880655,"Walken, Christopher",2
326,Sleepy Hollow_1999,21008750,1999,30210840,"Depp, Johnny",30243631,"Elfman, Danny",3
327,Sleepy Hollow_1999,21008750,1999,30210840,"Depp, Johnny",30420536,"Jones, Jeffrey (I)",2
328,Sleepy Hollow_1999,21008750,1999,30210840,"Depp, Johnny",30471448,"Landau, Martin",2
329,Sleepy Hollow_1999,21008750,1999,30210840,"Depp, Johnny",30481927,"Lebenzon, Chris",3
330,Sleepy Hollow_1999,21008750,1999,30210840,"Depp, Johnny",30483213,"Lee, Christopher (I)",2
331,Sleepy Hollow_1999,21008750,1999,30210840,"Depp, Johnny",30530473,"Marie, Lisa (I)",2
332,Sleepy Hollow_1999,21008750,1999,30243631,"Elfman, Danny",30280931,"Franco, Larry J.",3
333,Sleepy Hollow_1999,21008750,1999,30243631,"Elfman, Danny",30320941,"Gough, Michael (I)",3
334,Sleepy Hollow_1999,21008750,1999,30243631,"Elfman, Danny",30363542,"Heinrichs, Rick",2
335,Sleepy Hollow_1999,21008750,1999,30243631,"Elfman, Danny",30420536,"Jones, Jeffrey (I)",2
336,Sleepy Hollow_1999,21008750,1999,30243631,"Elfman, Danny",30481927,"Lebenzon, Chris",7
337,Sleepy Hollow_1999,21008750,1999,30243631,"Elfman, Danny",30483213,"Lee, Christopher (I)",2
338,Sleepy Hollow_1999,21008750,1999,30243631,"Elfman, Danny",30530473,"Marie, Lisa (I)",3
339,Sleepy Hollow_1999,21008750,1999,30243631,"Elfman, Danny",30880655,"Walken, Christopher",2
340,Sleepy Hollow_1999,21008750,1999,30280931,"Franco, Larry J.",30320941,"Gough, Michael (I)",2
341,Sleepy Hollow_1999,21008750,1999,30280931,"Franco, Larry J.",30481927,"Lebenzon, Chris",3
342,Sleepy Hollow_1999,21008750,1999,30280931,"Franco, Larry J.",30530473,"Marie, Lisa (I)",2
343,Sleepy Hollow_1999,21008750,1999,30280931,"Franco, Larry J.",30880655,"Walken, Christopher",2
344,Sleepy Hollow_1999,21008750,1999,30320941,"Gough, Michael (I)",30481927,"Lebenzon, Chris",2
345,Sleepy Hollow_1999,21008750,1999,30320941,"Gough, Michael (I)",30880655,"Walken, Christopher",2
346,Sleepy Hollow_1999,21008750,1999,30363542,"Heinrichs, Rick",30481927,"Lebenzon, Chris",2
347,Sleepy Hollow_1999,21008750,1999,30363542,"Heinrichs, Rick",30530473,"Marie, Lisa (I)",2
348,Sleepy Hollow_1999,21008750,1999,30420536,"Jones, Jeffrey (I)",30471448,"Landau, Martin",2
349,Sleepy Hollow_1999,21008750,1999,30420536,"Jones, Jeffrey (I)",30481927,"Lebenzon, Chris",2
350,Sleepy Hollow_1999,21008750,1999,30420536,"Jones, Jeffrey (I)",30530473,"Marie, Lisa (I)",2
351,Sleepy Hollow_1999,21008750,1999,30471448,"Landau, Martin",30481927,"Lebenzon, Chris",2
352,Sleepy Hollow_1999,21008750,1999,30471448,"Landau, Martin",30530473,"Marie, Lisa (I)",2
353,Sleepy Hollow_1999,21008750,1999,30481927,"Lebenzon, Chris",30483213,"Lee, Christopher (I)",2
354,Sleepy Hollow_1999,21008750,1999,30481927,"Lebenzon, Chris",30530473,"Marie, Lisa (I)",4
355,Sleepy Hollow_1999,21008750,1999,30481927,"Lebenzon, Chris",30880655,"Walken, Christopher",2
356,Batman Forever_1995,21009857,1995,30114716,"Burton, Tim (I)",30259891,"Favreau, Jon",2
357,Batman Forever_1995,21009857,1995,30114716,"Burton, Tim (I)",30320941,"Gough, Michael (I)",4
358,Batman Forever_1995,21009857,1995,30114716,"Burton, Tim (I)",30329866,"Grevioux, Kevin",2
359,Batman Forever_1995,21009857,1995,30114716,"Burton, Tim (I)",30375224,"Hingle, Pat",3
360,Batman Forever_1995,21009857,1995,30114716,"Burton, Tim (I)",30429003,"Kane, Bob (I)",3
361,Batman Forever_1995,21009857,1995,30114716,"Burton, Tim (I)",30545712,"Mazar, Debi",2
362,Batman Forever_1995,21009857,1995,30114716,"Burton, Tim (I)",30564616,"Melniker, Benjamin",3
363,Batman Forever_1995,21009857,1995,30114716,"Burton, Tim (I)",30741904,"Sanders, Elizabeth (I)",2
364,Batman Forever_1995,21009857,1995,30114716,"Burton, Tim (I)",30861594,"Uslan, Michael (V)",3
365,Batman Forever_1995,21009857,1995,30320941,"Gough, Michael (I)",30375224,"Hingle, Pat",3
366,Batman Forever_1995,21009857,1995,30320941,"Gough, Michael (I)",30429003,"Kane, Bob (I)",3
367,Batman Forever_1995,21009857,1995,30320941,"Gough, Michael (I)",30564616,"Melniker, Benjamin",3
368,Batman Forever_1995,21009857,1995,30320941,"Gough, Michael (I)",30741904,"Sanders, Elizabeth (I)",2
369,Batman Forever_1995,21009857,1995,30320941,"Gough, Michael (I)",30861594,"Uslan, Michael (V)",3
370,Batman Forever_1995,21009857,1995,30375224,"Hingle, Pat",30429003,"Kane, Bob (I)",3
371,Batman Forever_1995,21009857,1995,30375224,"Hingle, Pat",30564616,"Melniker, Benjamin",3
372,Batman Forever_1995,21009857,1995,30375224,"Hingle, Pat",30741904,"Sanders, Elizabeth (I)",2
373,Batman Forever_1995,21009857,1995,30375224,"Hingle, Pat",30861594,"Uslan, Michael (V)",3
374,Batman Forever_1995,21009857,1995,30429003,"Kane, Bob (I)",30564616,"Melniker, Benjamin",3
375,Batman Forever_1995,21009857,1995,30429003,"Kane, Bob (I)",30741904,"Sanders, Elizabeth (I)",2
376,Batman Forever_1995,21009857,1995,30429003,"Kane, Bob (I)",30861594,"Uslan, Michael (V)",3
377,Batman Forever_1995,21009857,1995,30564616,"Melniker, Benjamin",30741904,"Sanders, Elizabeth (I)",2
378,Batman Forever_1995,21009857,1995,30564616,"Melniker, Benjamin",30861594,"Uslan, Michael (V)",3
379,Batman Forever_1995,21009857,1995,30741904,"Sanders, Elizabeth (I)",30861594,"Uslan, Michael (V)",2
380,Charlie and the Chocolate Factory_2005,21009927,2005,30033839,"August, John (I)",30083861,"Bonham Carter, Helena",3
381,Charlie and the Chocolate Factory_2005,21009927,2005,30033839,"August, John (I)",30114716,"Burton, Tim (I)",3
382,Charlie and the Chocolate Factory_2005,21009927,2005,30033839,"August, John (I)",30243631,"Elfman, Danny",3
383,Charlie and the Chocolate Factory_2005,21009927,2005,30033839,"August, John (I)",30282593,"Frauenfelder, Katterli",2
384,Charlie and the Chocolate Factory_2005,21009927,2005,30033839,"August, John (I)",30284905,"Frey, Derek",2
385,Charlie and the Chocolate Factory_2005,21009927,2005,30033839,"August, John (I)",30481927,"Lebenzon, Chris",3
386,Charlie and the Chocolate Factory_2005,21009927,2005,30033839,"August, John (I)",30552567,"McDowell, Alex (I)",2
387,Charlie and the Chocolate Factory_2005,21009927,2005,30033839,"August, John (I)",30682325,"Pyle, Missi",2
388,Charlie and the Chocolate Factory_2005,21009927,2005,30033839,"August, John (I)",30727445,"Rousselot, Philippe",2
389,Charlie and the Chocolate Factory_2005,21009927,2005,30033839,"August, John (I)",30728300,"Roy, Deep",2
390,Charlie and the Chocolate Factory_2005,21009927,2005,30033839,"August, John (I)",30932653,"Zanuck, Richard D.",2
391,Charlie and the Chocolate Factory_2005,21009927,2005,30083861,"Bonham Carter, Helena",30114716,"Burton, Tim (I)",4
392,Charlie and the Chocolate Factory_2005,21009927,2005,30083861,"Bonham Carter, Helena",30243631,"Elfman, Danny",4
393,Charlie and the Chocolate Factory_2005,21009927,2005,30083861,"Bonham Carter, Helena",30282593,"Frauenfelder, Katterli",3
394,Charlie and the Chocolate Factory_2005,21009927,2005,30083861,"Bonham Carter, Helena",30284905,"Frey, Derek",2
395,Charlie and the Chocolate Factory_2005,21009927,2005,30083861,"Bonham Carter, Helena",30481927,"Lebenzon, Chris",4
396,Charlie and the Chocolate Factory_2005,21009927,2005,30083861,"Bonham Carter, Helena",30552567,"McDowell, Alex (I)",2
397,Charlie and the Chocolate Factory_2005,21009927,2005,30083861,"Bonham Carter, Helena",30682325,"Pyle, Missi",2
398,Charlie and the Chocolate Factory_2005,21009927,2005,30083861,"Bonham Carter, Helena",30727445,"Rousselot, Philippe",3
399,Charlie and the Chocolate Factory_2005,21009927,2005,30083861,"Bonham Carter, Helena",30728300,"Roy, Deep",3
400,Charlie and the Chocolate Factory_2005,21009927,2005,30083861,"Bonham Carter, Helena",30932653,"Zanuck, Richard D.",3
401,Charlie and the Chocolate Factory_2005,21009927,2005,30114716,"Burton, Tim (I)",30188514,"Dahl, Roald",2
402,Charlie and the Chocolate Factory_2005,21009927,2005,30114716,"Burton, Tim (I)",30210840,"Depp, Johnny",4
403,Charlie and the Chocolate Factory_2005,21009927,2005,30114716,"Burton, Tim (I)",30243631,"Elfman, Danny",12
404,Charlie and the Chocolate Factory_2005,21009927,2005,30114716,"Burton, Tim (I)",30282593,"Frauenfelder, Katterli",3
405,Charlie and the Chocolate Factory_2005,21009927,2005,30114716,"Burton, Tim (I)",30284905,"Frey, Derek",2
406,Charlie and the Chocolate Factory_2005,21009927,2005,30114716,"Burton, Tim (I)",30340541,"Hagon, Garrick",2
407,Charlie and the Chocolate Factory_2005,21009927,2005,30114716,"Burton, Tim (I)",30481927,"Lebenzon, Chris",8
408,Charlie and the Chocolate Factory_2005,21009927,2005,30114716,"Burton, Tim (I)",30483213,"Lee, Christopher (I)",2
409,Charlie and the Chocolate Factory_2005,21009927,2005,30114716,"Burton, Tim (I)",30552567,"McDowell, Alex (I)",2
410,Charlie and the Chocolate Factory_2005,21009927,2005,30114716,"Burton, Tim (I)",30682325,"Pyle, Missi",2
411,Charlie and the Chocolate Factory_2005,21009927,2005,30114716,"Burton, Tim (I)",30727445,"Rousselot, Philippe",3
412,Charlie and the Chocolate Factory_2005,21009927,2005,30114716,"Burton, Tim (I)",30728300,"Roy, Deep",3
413,Charlie and the Chocolate Factory_2005,21009927,2005,30114716,"Burton, Tim (I)",30932653,"Zanuck, Richard D.",3
414,Charlie and the Chocolate Factory_2005,21009927,2005,30210840,"Depp, Johnny",30243631,"Elfman, Danny",3
415,Charlie and the Chocolate Factory_2005,21009927,2005,30210840,"Depp, Johnny",30481927,"Lebenzon, Chris",3
416,Charlie and the Chocolate Factory_2005,21009927,2005,30210840,"Depp, Johnny",30483213,"Lee, Christopher (I)",2
417,Charlie and the Chocolate Factory_2005,21009927,2005,30243631,"Elfman, Danny",30282593,"Frauenfelder, Katterli",3
418,Charlie and the Chocolate Factory_2005,21009927,2005,30243631,"Elfman, Danny",30284905,"Frey, Derek",2
419,Charlie and the Chocolate Factory_2005,21009927,2005,30243631,"Elfman, Danny",30340541,"Hagon, Garrick",2
420,Charlie and the Chocolate Factory_2005,21009927,2005,30243631,"Elfman, Danny",30481927,"Lebenzon, Chris",7
421,Charlie and the Chocolate Factory_2005,21009927,2005,30243631,"Elfman, Danny",30483213,"Lee, Christopher (I)",2
422,Charlie and the Chocolate Factory_2005,21009927,2005,30243631,"Elfman, Danny",30552567,"McDowell, Alex (I)",2
423,Charlie and the Chocolate Factory_2005,21009927,2005,30243631,"Elfman, Danny",30682325,"Pyle, Missi",2
424,Charlie and the Chocolate Factory_2005,21009927,2005,30243631,"Elfman, Danny",30727445,"Rousselot, Philippe",3
425,Charlie and the Chocolate Factory_2005,21009927,2005,30243631,"Elfman, Danny",30728300,"Roy, Deep",3
426,Charlie and the Chocolate Factory_2005,21009927,2005,30243631,"Elfman, Danny",30932653,"Zanuck, Richard D.",3
427,Charlie and the Chocolate Factory_2005,21009927,2005,30282593,"Frauenfelder, Katterli",30481927,"Lebenzon, Chris",3
428,Charlie and the Chocolate Factory_2005,21009927,2005,30282593,"Frauenfelder, Katterli",30682325,"Pyle, Missi",2
429,Charlie and the Chocolate Factory_2005,21009927,2005,30282593,"Frauenfelder, Katterli",30727445,"Rousselot, Philippe",3
430,Charlie and the Chocolate Factory_2005,21009927,2005,30282593,"Frauenfelder, Katterli",30728300,"Roy, Deep",3
431,Charlie and the Chocolate Factory_2005,21009927,2005,30282593,"Frauenfelder, Katterli",30932653,"Zanuck, Richard D.",3
432,Charlie and the Chocolate Factory_2005,21009927,2005,30284905,"Frey, Derek",30481927,"Lebenzon, Chris",2
433,Charlie and the Chocolate Factory_2005,21009927,2005,30284905,"Frey, Derek",30552567,"McDowell, Alex (I)",2
434,Charlie and the Chocolate Factory_2005,21009927,2005,30481927,"Lebenzon, Chris",30483213,"Lee, Christopher (I)",2
435,Charlie and the Chocolate Factory_2005,21009927,2005,30481927,"Lebenzon, Chris",30552567,"McDowell, Alex (I)",2
436,Charlie and the Chocolate Factory_2005,21009927,2005,30481927,"Lebenzon, Chris",30682325,"Pyle, Missi",2
437,Charlie and the Chocolate Factory_2005,21009927,2005,30481927,"Lebenzon, Chris",30727445,"Rousselot, Philippe",3
438,Charlie and the Chocolate Factory_2005,21009927,2005,30481927,"Lebenzon, Chris",30728300,"Roy, Deep",3
439,Charlie and the Chocolate Factory_2005,21009927,2005,30481927,"Lebenzon, Chris",30932653,"Zanuck, Richard D.",3
440,Charlie and the Chocolate Factory_2005,21009927,2005,30682325,"Pyle, Missi",30727445,"Rousselot, Philippe",2
441,Charlie and the Chocolate Factory_2005,21009927,2005,30682325,"Pyle, Missi",30728300,"Roy, Deep",2
442,Charlie and the Chocolate Factory_2005,21009927,2005,30682325,"Pyle, Missi",30932653,"Zanuck, Richard D.",2
443,Charlie and the Chocolate Factory_2005,21009927,2005,30727445,"Rousselot, Philippe",30728300,"Roy, Deep",3
444,Charlie and the Chocolate Factory_2005,21009927,2005,30727445,"Rousselot, Philippe",30932653,"Zanuck, Richard D.",3
445,Charlie and the Chocolate Factory_2005,21009927,2005,30728300,"Roy, Deep",30932653,"Zanuck, Richard D.",3
446,Batman Returns_1992,21010715,1992,30098032,"Brill, Steven (I)",30114716,"Burton, Tim (I)",2
447,Batman Returns_1992,21010715,1992,30098032,"Brill, Steven (I)",30187389,"Czapsky, Stefan",2
448,Batman Returns_1992,21010715,1992,30098032,"Brill, Steven (I)",30214482,"Di Novi, Denise",2
449,Batman Returns_1992,21010715,1992,30098032,"Brill, Steven (I)",30243631,"Elfman, Danny",2
450,Batman Returns_1992,21010715,1992,30098032,"Brill, Steven (I)",30471205,"Lancaster, Stuart (I)",2
451,Batman Returns_1992,21010715,1992,30098032,"Brill, Steven (I)",30895051,"Welch, Bo",2
452,Batman Returns_1992,21010715,1992,30098032,"Brill, Steven (I)",30926784,"Yeager, Biff (I)",2
453,Batman Returns_1992,21010715,1992,30114716,"Burton, Tim (I)",30187389,"Czapsky, Stefan",3
454,Batman Returns_1992,21010715,1992,30114716,"Burton, Tim (I)",30193322,Darla (II),2
455,Batman Returns_1992,21010715,1992,30114716,"Burton, Tim (I)",30213196,"DeVito, Danny",4
456,Batman Returns_1992,21010715,1992,30114716,"Burton, Tim (I)",30214482,"Di Novi, Denise",6
457,Batman Returns_1992,21010715,1992,30114716,"Burton, Tim (I)",30228865,"Drescher, Adam (I)",2
458,Batman Returns_1992,21010715,1992,30114716,"Burton, Tim (I)",30243631,"Elfman, Danny",12
459,Batman Returns_1992,21010715,1992,30114716,"Burton, Tim (I)",30280931,"Franco, Larry J.",3
460,Batman Returns_1992,21010715,1992,30114716,"Burton, Tim (I)",30304601,"Giammarco, Joan",2
461,Batman Returns_1992,21010715,1992,30114716,"Burton, Tim (I)",30320941,"Gough, Michael (I)",4
462,Batman Returns_1992,21010715,1992,30114716,"Burton, Tim (I)",30334403,"Guber, Peter",2
463,Batman Returns_1992,21010715,1992,30114716,"Burton, Tim (I)",30345601,"Hamm, Sam",2
464,Batman Returns_1992,21010715,1992,30114716,"Burton, Tim (I)",30375224,"Hingle, Pat",3
465,Batman Returns_1992,21010715,1992,30114716,"Burton, Tim (I)",30383381,"Hooks, Jan",2
466,Batman Returns_1992,21010715,1992,30114716,"Burton, Tim (I)",30429003,"Kane, Bob (I)",3
467,Batman Returns_1992,21010715,1992,30114716,"Burton, Tim (I)",30435271,"Keaton, Michael",3
468,Batman Returns_1992,21010715,1992,30114716,"Burton, Tim (I)",30471205,"Lancaster, Stuart (I)",2
469,Batman Returns_1992,21010715,1992,30114716,"Burton, Tim (I)",30481927,"Lebenzon, Chris",8
470,Batman Returns_1992,21010715,1992,30114716,"Burton, Tim (I)",30564616,"Melniker, Benjamin",3
471,Batman Returns_1992,21010715,1992,30114716,"Burton, Tim (I)",30659177,"Peters, Jon (I)",2
472,Batman Returns_1992,21010715,1992,30114716,"Burton, Tim (I)",30700467,"Reubens, Paul",2
473,Batman Returns_1992,21010715,1992,30114716,"Burton, Tim (I)",30738831,"Salinger, Diane",2
474,Batman Returns_1992,21010715,1992,30114716,"Burton, Tim (I)",30741904,"Sanders, Elizabeth (I)",2
475,Batman Returns_1992,21010715,1992,30114716,"Burton, Tim (I)",30861594,"Uslan, Michael (V)",3
476,Batman Returns_1992,21010715,1992,30114716,"Burton, Tim (I)",30880655,"Walken, Christopher",2
477,Batman Returns_1992,21010715,1992,30114716,"Burton, Tim (I)",30895051,"Welch, Bo",3
478,Batman Returns_1992,21010715,1992,30114716,"Burton, Tim (I)",30916412,"Witting, Steve",2
479,Batman Returns_1992,21010715,1992,30114716,"Burton, Tim (I)",30926784,"Yeager, Biff (I)",3
480,Batman Returns_1992,21010715,1992,30187389,"Czapsky, Stefan",30214482,"Di Novi, Denise",3
481,Batman Returns_1992,21010715,1992,30187389,"Czapsky, Stefan",30228865,"Drescher, Adam (I)",2
482,Batman Returns_1992,21010715,1992,30187389,"Czapsky, Stefan",30243631,"Elfman, Danny",2
483,Batman Returns_1992,21010715,1992,30187389,"Czapsky, Stefan",30471205,"Lancaster, Stuart (I)",2
484,Batman Returns_1992,21010715,1992,30187389,"Czapsky, Stefan",30481927,"Lebenzon, Chris",2
485,Batman Returns_1992,21010715,1992,30187389,"Czapsky, Stefan",30895051,"Welch, Bo",2
486,Batman Returns_1992,21010715,1992,30187389,"Czapsky, Stefan",30926784,"Yeager, Biff (I)",3
487,Batman Returns_1992,21010715,1992,30193322,Darla (II),30243631,"Elfman, Danny",2
488,Batman Returns_1992,21010715,1992,30193322,Darla (II),30383381,"Hooks, Jan",2
489,Batman Returns_1992,21010715,1992,30193322,Darla (II),30700467,"Reubens, Paul",2
490,Batman Returns_1992,21010715,1992,30193322,Darla (II),30738831,"Salinger, Diane",2
491,Batman Returns_1992,21010715,1992,30213196,"DeVito, Danny",30243631,"Elfman, Danny",3
492,Batman Returns_1992,21010715,1992,30213196,"DeVito, Danny",30280931,"Franco, Larry J.",2
493,Batman Returns_1992,21010715,1992,30213196,"DeVito, Danny",30481927,"Lebenzon, Chris",3
494,Batman Returns_1992,21010715,1992,30213196,"DeVito, Danny",30916412,"Witting, Steve",2
495,Batman Returns_1992,21010715,1992,30214482,"Di Novi, Denise",30228865,"Drescher, Adam (I)",2
496,Batman Returns_1992,21010715,1992,30214482,"Di Novi, Denise",30243631,"Elfman, Danny",3
497,Batman Returns_1992,21010715,1992,30214482,"Di Novi, Denise",30471205,"Lancaster, Stuart (I)",2
498,Batman Returns_1992,21010715,1992,30214482,"Di Novi, Denise",30481927,"Lebenzon, Chris",2
499,Batman Returns_1992,21010715,1992,30214482,"Di Novi, Denise",30895051,"Welch, Bo",2
500,Batman Returns_1992,21010715,1992,30214482,"Di Novi, Denise",30926784,"Yeager, Biff (I)",3
501,Batman Returns_1992,21010715,1992,30228865,"Drescher, Adam (I)",30481927,"Lebenzon, Chris",2
502,Batman Returns_1992,21010715,1992,30228865,"Drescher, Adam (I)",30926784,"Yeager, Biff (I)",2
503,Batman Returns_1992,21010715,1992,30243631,"Elfman, Danny",30280931,"Franco, Larry J.",3
504,Batman Returns_1992,21010715,1992,30243631,"Elfman, Danny",30320941,"Gough, Michael (I)",3
505,Batman Returns_1992,21010715,1992,30243631,"Elfman, Danny",30334403,"Guber, Peter",2
506,Batman Returns_1992,21010715,1992,30243631,"Elfman, Danny",30345601,"Hamm, Sam",2
507,Batman Returns_1992,21010715,1992,30243631,"Elfman, Danny",30375224,"Hingle, Pat",2
508,Batman Returns_1992,21010715,1992,30243631,"Elfman, Danny",30383381,"Hooks, Jan",2
509,Batman Returns_1992,21010715,1992,30243631,"Elfman, Danny",30429003,"Kane, Bob (I)",2
510,Batman Returns_1992,21010715,1992,30243631,"Elfman, Danny",30435271,"Keaton, Michael",3
511,Batman Returns_1992,21010715,1992,30243631,"Elfman, Danny",30471205,"Lancaster, Stuart (I)",2
512,Batman Returns_1992,21010715,1992,30243631,"Elfman, Danny",30481927,"Lebenzon, Chris",7
513,Batman Returns_1992,21010715,1992,30243631,"Elfman, Danny",30564616,"Melniker, Benjamin",2
514,Batman Returns_1992,21010715,1992,30243631,"Elfman, Danny",30659177,"Peters, Jon (I)",2
515,Batman Returns_1992,21010715,1992,30243631,"Elfman, Danny",30700467,"Reubens, Paul",2
516,Batman Returns_1992,21010715,1992,30243631,"Elfman, Danny",30738831,"Salinger, Diane",2
517,Batman Returns_1992,21010715,1992,30243631,"Elfman, Danny",30861594,"Uslan, Michael (V)",2
518,Batman Returns_1992,21010715,1992,30243631,"Elfman, Danny",30880655,"Walken, Christopher",2
519,Batman Returns_1992,21010715,1992,30243631,"Elfman, Danny",30895051,"Welch, Bo",3
520,Batman Returns_1992,21010715,1992,30243631,"Elfman, Danny",30926784,"Yeager, Biff (I)",2
521,Batman Returns_1992,21010715,1992,30280931,"Franco, Larry J.",30320941,"Gough, Michael (I)",2
522,Batman Returns_1992,21010715,1992,30280931,"Franco, Larry J.",30481927,"Lebenzon, Chris",3
523,Batman Returns_1992,21010715,1992,30280931,"Franco, Larry J.",30880655,"Walken, Christopher",2
524,Batman Returns_1992,21010715,1992,30320941,"Gough, Michael (I)",30334403,"Guber, Peter",2
525,Batman Returns_1992,21010715,1992,30320941,"Gough, Michael (I)",30345601,"Hamm, Sam",2
526,Batman Returns_1992,21010715,1992,30320941,"Gough, Michael (I)",30375224,"Hingle, Pat",3
527,Batman Returns_1992,21010715,1992,30320941,"Gough, Michael (I)",30429003,"Kane, Bob (I)",3
528,Batman Returns_1992,21010715,1992,30320941,"Gough, Michael (I)",30435271,"Keaton, Michael",2
529,Batman Returns_1992,21010715,1992,30320941,"Gough, Michael (I)",30481927,"Lebenzon, Chris",2
530,Batman Returns_1992,21010715,1992,30320941,"Gough, Michael (I)",30564616,"Melniker, Benjamin",3
531,Batman Returns_1992,21010715,1992,30320941,"Gough, Michael (I)",30659177,"Peters, Jon (I)",2
532,Batman Returns_1992,21010715,1992,30320941,"Gough, Michael (I)",30741904,"Sanders, Elizabeth (I)",2
533,Batman Returns_1992,21010715,1992,30320941,"Gough, Michael (I)",30861594,"Uslan, Michael (V)",3
534,Batman Returns_1992,21010715,1992,30320941,"Gough, Michael (I)",30880655,"Walken, Christopher",2
535,Batman Returns_1992,21010715,1992,30334403,"Guber, Peter",30345601,"Hamm, Sam",2
536,Batman Returns_1992,21010715,1992,30334403,"Guber, Peter",30375224,"Hingle, Pat",2
537,Batman Returns_1992,21010715,1992,30334403,"Guber, Peter",30429003,"Kane, Bob (I)",2
538,Batman Returns_1992,21010715,1992,30334403,"Guber, Peter",30435271,"Keaton, Michael",2
539,Batman Returns_1992,21010715,1992,30334403,"Guber, Peter",30564616,"Melniker, Benjamin",2
540,Batman Returns_1992,21010715,1992,30334403,"Guber, Peter",30659177,"Peters, Jon (I)",2
541,Batman Returns_1992,21010715,1992,30334403,"Guber, Peter",30861594,"Uslan, Michael (V)",2
542,Batman Returns_1992,21010715,1992,30345601,"Hamm, Sam",30375224,"Hingle, Pat",2
543,Batman Returns_1992,21010715,1992,30345601,"Hamm, Sam",30429003,"Kane, Bob (I)",2
544,Batman Returns_1992,21010715,1992,30345601,"Hamm, Sam",30435271,"Keaton, Michael",2
545,Batman Returns_1992,21010715,1992,30345601,"Hamm, Sam",30564616,"Melniker, Benjamin",2
546,Batman Returns_1992,21010715,1992,30345601,"Hamm, Sam",30659177,"Peters, Jon (I)",2
547,Batman Returns_1992,21010715,1992,30345601,"Hamm, Sam",30861594,"Uslan, Michael (V)",2
548,Batman Returns_1992,21010715,1992,30375224,"Hingle, Pat",30429003,"Kane, Bob (I)",3
549,Batman Returns_1992,21010715,1992,30375224,"Hingle, Pat",30435271,"Keaton, Michael",2
550,Batman Returns_1992,21010715,1992,30375224,"Hingle, Pat",30564616,"Melniker, Benjamin",3
551,Batman Returns_1992,21010715,1992,30375224,"Hingle, Pat",30659177,"Peters, Jon (I)",2
552,Batman Returns_1992,21010715,1992,30375224,"Hingle, Pat",30741904,"Sanders, Elizabeth (I)",2
553,Batman Returns_1992,21010715,1992,30375224,"Hingle, Pat",30861594,"Uslan, Michael (V)",3
554,Batman Returns_1992,21010715,1992,30383381,"Hooks, Jan",30700467,"Reubens, Paul",2
555,Batman Returns_1992,21010715,1992,30383381,"Hooks, Jan",30738831,"Salinger, Diane",2
556,Batman Returns_1992,21010715,1992,30429003,"Kane, Bob (I)",30435271,"Keaton, Michael",2
557,Batman Returns_1992,21010715,1992,30429003,"Kane, Bob (I)",30564616,"Melniker, Benjamin",3
558,Batman Returns_1992,21010715,1992,30429003,"Kane, Bob (I)",30659177,"Peters, Jon (I)",2
559,Batman Returns_1992,21010715,1992,30429003,"Kane, Bob (I)",30741904,"Sanders, Elizabeth (I)",2
560,Batman Returns_1992,21010715,1992,30429003,"Kane, Bob (I)",30861594,"Uslan, Michael (V)",3
561,Batman Returns_1992,21010715,1992,30435271,"Keaton, Michael",30564616,"Melniker, Benjamin",2
562,Batman Returns_1992,21010715,1992,30435271,"Keaton, Michael",30659177,"Peters, Jon (I)",2
563,Batman Returns_1992,21010715,1992,30435271,"Keaton, Michael",30861594,"Uslan, Michael (V)",2
564,Batman Returns_1992,21010715,1992,30435271,"Keaton, Michael",30895051,"Welch, Bo",2
565,Batman Returns_1992,21010715,1992,30471205,"Lancaster, Stuart (I)",30895051,"Welch, Bo",2
566,Batman Returns_1992,21010715,1992,30471205,"Lancaster, Stuart (I)",30926784,"Yeager, Biff (I)",2
567,Batman Returns_1992,21010715,1992,30481927,"Lebenzon, Chris",30880655,"Walken, Christopher",2
568,Batman Returns_1992,21010715,1992,30481927,"Lebenzon, Chris",30926784,"Yeager, Biff (I)",2
569,Batman Returns_1992,21010715,1992,30564616,"Melniker, Benjamin",30659177,"Peters, Jon (I)",2
570,Batman Returns_1992,21010715,1992,30564616,"Melniker, Benjamin",30741904,"Sanders, Elizabeth (I)",2
571,Batman Returns_1992,21010715,1992,30564616,"Melniker, Benjamin",30861594,"Uslan, Michael (V)",3
572,Batman Returns_1992,21010715,1992,30659177,"Peters, Jon (I)",30861594,"Uslan, Michael (V)",2
573,Batman Returns_1992,21010715,1992,30700467,"Reubens, Paul",30738831,"Salinger, Diane",2
574,Batman Returns_1992,21010715,1992,30741904,"Sanders, Elizabeth (I)",30861594,"Uslan, Michael (V)",2
575,Batman Returns_1992,21010715,1992,30895051,"Welch, Bo",30926784,"Yeager, Biff (I)",2
576,Batman_1989,21011181,1989,30114716,"Burton, Tim (I)",30243631,"Elfman, Danny",12
577,Batman_1989,21011181,1989,30114716,"Burton, Tim (I)",30320941,"Gough, Michael (I)",4
578,Batman_1989,21011181,1989,30114716,"Burton, Tim (I)",30334403,"Guber, Peter",2
579,Batman_1989,21011181,1989,30114716,"Burton, Tim (I)",30340541,"Hagon, Garrick",2
580,Batman_1989,21011181,1989,30114716,"Burton, Tim (I)",30345601,"Hamm, Sam",2
581,Batman_1989,21011181,1989,30114716,"Burton, Tim (I)",30375224,"Hingle, Pat",3
582,Batman_1989,21011181,1989,30114716,"Burton, Tim (I)",30429003,"Kane, Bob (I)",3
583,Batman_1989,21011181,1989,30114716,"Burton, Tim (I)",30435271,"Keaton, Michael",3
584,Batman_1989,21011181,1989,30114716,"Burton, Tim (I)",30564616,"Melniker, Benjamin",3
585,Batman_1989,21011181,1989,30114716,"Burton, Tim (I)",30615205,"Nicholson, Jack (I)",3
586,Batman_1989,21011181,1989,30114716,"Burton, Tim (I)",30659177,"Peters, Jon (I)",2
587,Batman_1989,21011181,1989,30114716,"Burton, Tim (I)",30783008,"Skaaren, Warren",2
588,Batman_1989,21011181,1989,30114716,"Burton, Tim (I)",30828925,"Tan, Philip",2
589,Batman_1989,21011181,1989,30114716,"Burton, Tim (I)",30861594,"Uslan, Michael (V)",3
590,Batman_1989,21011181,1989,30243631,"Elfman, Danny",30320941,"Gough, Michael (I)",3
591,Batman_1989,21011181,1989,30243631,"Elfman, Danny",30334403,"Guber, Peter",2
592,Batman_1989,21011181,1989,30243631,"Elfman, Danny",30340541,"Hagon, Garrick",2
593,Batman_1989,21011181,1989,30243631,"Elfman, Danny",30345601,"Hamm, Sam",2
594,Batman_1989,21011181,1989,30243631,"Elfman, Danny",30375224,"Hingle, Pat",2
595,Batman_1989,21011181,1989,30243631,"Elfman, Danny",30429003,"Kane, Bob (I)",2
596,Batman_1989,21011181,1989,30243631,"Elfman, Danny",30435271,"Keaton, Michael",3
597,Batman_1989,21011181,1989,30243631,"Elfman, Danny",30564616,"Melniker, Benjamin",2
598,Batman_1989,21011181,1989,30243631,"Elfman, Danny",30615205,"Nicholson, Jack (I)",2
599,Batman_1989,21011181,1989,30243631,"Elfman, Danny",30659177,"Peters, Jon (I)",2
600,Batman_1989,21011181,1989,30243631,"Elfman, Danny",30783008,"Skaaren, Warren",2
601,Batman_1989,21011181,1989,30243631,"Elfman, Danny",30828925,"Tan, Philip",2
602,Batman_1989,21011181,1989,30243631,"Elfman, Danny",30861594,"Uslan, Michael (V)",2
603,Batman_1989,21011181,1989,30320941,"Gough, Michael (I)",30334403,"Guber, Peter",2
604,Batman_1989,21011181,1989,30320941,"Gough, Michael (I)",30345601,"Hamm, Sam",2
605,Batman_1989,21011181,1989,30320941,"Gough, Michael (I)",30375224,"Hingle, Pat",3
606,Batman_1989,21011181,1989,30320941,"Gough, Michael (I)",30429003,"Kane, Bob (I)",3
607,Batman_1989,21011181,1989,30320941,"Gough, Michael (I)",30435271,"Keaton, Michael",2
608,Batman_1989,21011181,1989,30320941,"Gough, Michael (I)",30564616,"Melniker, Benjamin",3
609,Batman_1989,21011181,1989,30320941,"Gough, Michael (I)",30659177,"Peters, Jon (I)",2
610,Batman_1989,21011181,1989,30320941,"Gough, Michael (I)",30861594,"Uslan, Michael (V)",3
611,Batman_1989,21011181,1989,30334403,"Guber, Peter",30345601,"Hamm, Sam",2
612,Batman_1989,21011181,1989,30334403,"Guber, Peter",30375224,"Hingle, Pat",2
613,Batman_1989,21011181,1989,30334403,"Guber, Peter",30429003,"Kane, Bob (I)",2
614,Batman_1989,21011181,1989,30334403,"Guber, Peter",30435271,"Keaton, Michael",2
615,Batman_1989,21011181,1989,30334403,"Guber, Peter",30564616,"Melniker, Benjamin",2
616,Batman_1989,21011181,1989,30334403,"Guber, Peter",30659177,"Peters, Jon (I)",2
617,Batman_1989,21011181,1989,30334403,"Guber, Peter",30861594,"Uslan, Michael (V)",2
618,Batman_1989,21011181,1989,30345601,"Hamm, Sam",30375224,"Hingle, Pat",2
619,Batman_1989,21011181,1989,30345601,"Hamm, Sam",30429003,"Kane, Bob (I)",2
620,Batman_1989,21011181,1989,30345601,"Hamm, Sam",30435271,"Keaton, Michael",2
621,Batman_1989,21011181,1989,30345601,"Hamm, Sam",30564616,"Melniker, Benjamin",2
622,Batman_1989,21011181,1989,30345601,"Hamm, Sam",30659177,"Peters, Jon (I)",2
623,Batman_1989,21011181,1989,30345601,"Hamm, Sam",30861594,"Uslan, Michael (V)",2
624,Batman_1989,21011181,1989,30375224,"Hingle, Pat",30429003,"Kane, Bob (I)",3
625,Batman_1989,21011181,1989,30375224,"Hingle, Pat",30435271,"Keaton, Michael",2
626,Batman_1989,21011181,1989,30375224,"Hingle, Pat",30564616,"Melniker, Benjamin",3
627,Batman_1989,21011181,1989,30375224,"Hingle, Pat",30659177,"Peters, Jon (I)",2
628,Batman_1989,21011181,1989,30375224,"Hingle, Pat",30861594,"Uslan, Michael (V)",3
629,Batman_1989,21011181,1989,30429003,"Kane, Bob (I)",30435271,"Keaton, Michael",2
630,Batman_1989,21011181,1989,30429003,"Kane, Bob (I)",30564616,"Melniker, Benjamin",3
631,Batman_1989,21011181,1989,30429003,"Kane, Bob (I)",30659177,"Peters, Jon (I)",2
632,Batman_1989,21011181,1989,30429003,"Kane, Bob (I)",30861594,"Uslan, Michael (V)",3
633,Batman_1989,21011181,1989,30435271,"Keaton, Michael",30564616,"Melniker, Benjamin",2
634,Batman_1989,21011181,1989,30435271,"Keaton, Michael",30659177,"Peters, Jon (I)",2
635,Batman_1989,21011181,1989,30435271,"Keaton, Michael",30783008,"Skaaren, Warren",2
636,Batman_1989,21011181,1989,30435271,"Keaton, Michael",30861594,"Uslan, Michael (V)",2
637,Batman_1989,21011181,1989,30564616,"Melniker, Benjamin",30659177,"Peters, Jon (I)",2
638,Batman_1989,21011181,1989,30564616,"Melniker, Benjamin",30861594,"Uslan, Michael (V)",3
639,Batman_1989,21011181,1989,30659177,"Peters, Jon (I)",30861594,"Uslan, Michael (V)",2
640,Cabin Boy_1994,21012581,1994,30114716,"Burton, Tim (I)",30214482,"Di Novi, Denise",6
641,Cabin Boy_1994,21012581,1994,30114716,"Burton, Tim (I)",30805549,"Starr, Mike (I)",3
642,Cabin Boy_1994,21012581,1994,30114716,"Burton, Tim (I)",30884312,"Walters, Melora",2
643,Cabin Boy_1994,21012581,1994,30214482,"Di Novi, Denise",30805549,"Starr, Mike (I)",3
644,Cabin Boy_1994,21012581,1994,30214482,"Di Novi, Denise",30884312,"Walters, Melora",2
645,Cabin Boy_1994,21012581,1994,30805549,"Starr, Mike (I)",30884312,"Walters, Melora",2
646,James and the Giant Peach_1996,21014006,1996,30114716,"Burton, Tim (I)",30188514,"Dahl, Roald",2
647,James and the Giant Peach_1996,21014006,1996,30114716,"Burton, Tim (I)",30214482,"Di Novi, Denise",6
648,James and the Giant Peach_1996,21014006,1996,30114716,"Burton, Tim (I)",30459639,"Kozachik, Pete",2
649,James and the Giant Peach_1996,21014006,1996,30114716,"Burton, Tim (I)",30511906,"Lumley, Joanna",2
650,James and the Giant Peach_1996,21014006,1996,30114716,"Burton, Tim (I)",30761674,"Selick, Henry",2
651,James and the Giant Peach_1996,21014006,1996,30114716,"Burton, Tim (I)",30805549,"Starr, Mike (I)",3
652,James and the Giant Peach_1996,21014006,1996,30114716,"Burton, Tim (I)",30891776,"Webb, Stan (I)",2
653,James and the Giant Peach_1996,21014006,1996,30214482,"Di Novi, Denise",30761674,"Selick, Henry",2
654,James and the Giant Peach_1996,21014006,1996,30214482,"Di Novi, Denise",30805549,"Starr, Mike (I)",3
655,James and the Giant Peach_1996,21014006,1996,30214482,"Di Novi, Denise",30891776,"Webb, Stan (I)",2
656,James and the Giant Peach_1996,21014006,1996,30459639,"Kozachik, Pete",30511906,"Lumley, Joanna",2
657,James and the Giant Peach_1996,21014006,1996,30761674,"Selick, Henry",30891776,"Webb, Stan (I)",2
658,Singles_1992,21014118,1992,30114716,"Burton, Tim (I)",30304562,"Giamatti, Paul",2
659,Singles_1992,21014118,1992,30114716,"Burton, Tim (I)",30304601,"Giammarco, Joan",2
660,Singles_1992,21014118,1992,30114716,"Burton, Tim (I)",30356721,"Hashimoto, Richard",3
661,Singles_1992,21014118,1992,30114716,"Burton, Tim (I)",30545712,"Mazar, Debi",2
662,The Nightmare Before Christmas_1993,21017470,1993,30114716,"Burton, Tim (I)",30214482,"Di Novi, Denise",6
663,The Nightmare Before Christmas_1993,21017470,1993,30114716,"Burton, Tim (I)",30243631,"Elfman, Danny",12
664,The Nightmare Before Christmas_1993,21017470,1993,30114716,"Burton, Tim (I)",30552643,"McDowell, Michael (I)",2
665,The Nightmare Before Christmas_1993,21017470,1993,30114716,"Burton, Tim (I)",30627117,"O'Hara, Catherine (I)",2
666,The Nightmare Before Christmas_1993,21017470,1993,30114716,"Burton, Tim (I)",30761674,"Selick, Henry",2
667,The Nightmare Before Christmas_1993,21017470,1993,30114716,"Burton, Tim (I)",30840372,"Thompson, Caroline (I)",3
668,The Nightmare Before Christmas_1993,21017470,1993,30114716,"Burton, Tim (I)",30891776,"Webb, Stan (I)",2
669,The Nightmare Before Christmas_1993,21017470,1993,30214482,"Di Novi, Denise",30243631,"Elfman, Danny",3
670,The Nightmare Before Christmas_1993,21017470,1993,30214482,"Di Novi, Denise",30761674,"Selick, Henry",2
671,The Nightmare Before Christmas_1993,21017470,1993,30214482,"Di Novi, Denise",30840372,"Thompson, Caroline (I)",2
672,The Nightmare Before Christmas_1993,21017470,1993,30214482,"Di Novi, Denise",30891776,"Webb, Stan (I)",2
673,The Nightmare Before Christmas_1993,21017470,1993,30243631,"Elfman, Danny",30552643,"McDowell, Michael (I)",2
674,The Nightmare Before Christmas_1993,21017470,1993,30243631,"Elfman, Danny",30627117,"O'Hara, Catherine (I)",2
675,The Nightmare Before Christmas_1993,21017470,1993,30243631,"Elfman, Danny",30840372,"Thompson, Caroline (I)",3
676,The Nightmare Before Christmas_1993,21017470,1993,30552643,"McDowell, Michael (I)",30627117,"O'Hara, Catherine (I)",2
677,The Nightmare Before Christmas_1993,21017470,1993,30761674,"Selick, Henry",30891776,"Webb, Stan (I)",2
